{"cameraMode":{"drawMode":0,"name":"Shaded","section":"Shading Mode"},"sceneLighting":true,"audioPlay":false,"sceneViewState":{"m_AlwaysRefresh":false,"showFog":true,"showSkybox":true,"showFlares":true,"showImageEffects":true,"showParticleSystems":true,"showVisualEffectGraphs":true,"m_FxEnabled":true},"in2DMode":false,"pivot":{"x":-16.895254135131837,"y":11.722511291503907,"z":-9.835814476013184},"rotation":{"x":0.1620967537164688,"y":-0.10688498616218567,"z":0.01781328022480011,"w":0.9807664752006531},"size":0.45441845059394839,"orthographic":false}