{"cameraMode":{"drawMode":0,"name":"Shaded","section":"Shading Mode"},"sceneLighting":true,"audioPlay":false,"sceneViewState":{"m_AlwaysRefresh":false,"showFog":true,"showSkybox":true,"showFlares":true,"showImageEffects":true,"showParticleSystems":true,"showVisualEffectGraphs":true,"m_FxEnabled":true},"in2DMode":false,"pivot":{"x":0.9886589050292969,"y":15.79487133026123,"z":0.6073563098907471},"rotation":{"x":-0.013730057515203953,"y":0.7981399297714233,"z":-0.018210140988230706,"w":-0.6019799709320068},"size":18.386014938354493,"orthographic":false}