{"cameraMode":{"drawMode":0,"name":"Shaded","section":"Shading Mode"},"sceneLighting":true,"audioPlay":false,"sceneViewState":{"m_AlwaysRefresh":false,"showFog":true,"showSkybox":true,"showFlares":true,"showImageEffects":true,"showParticleSystems":true,"showVisualEffectGraphs":true,"m_FxEnabled":true},"in2DMode":false,"pivot":{"x":-9.320300102233887,"y":5.390507698059082,"z":8.593092918395996},"rotation":{"x":-0.058860376477241519,"y":0.6566856503486633,"z":-0.051530178636312488,"w":-0.7500940561294556},"size":0.2813636064529419,"orthographic":false}