{"cameraMode":{"drawMode":0,"name":"Shaded","section":"Shading Mode"},"sceneLighting":true,"audioPlay":false,"sceneViewState":{"m_AlwaysRefresh":false,"showFog":true,"showSkybox":true,"showFlares":true,"showImageEffects":true,"showParticleSystems":true,"showVisualEffectGraphs":true,"m_FxEnabled":true},"in2DMode":false,"pivot":{"x":7.430534839630127,"y":1.7886685132980347,"z":-4.74710750579834},"rotation":{"x":0.0035924012772738935,"y":0.5146443247795105,"z":0.002156865084543824,"w":-0.8573955297470093},"size":0.38994649052619936,"orthographic":false}