{"cameraMode":{"drawMode":0,"name":"Shaded","section":"Shading Mode"},"sceneLighting":true,"audioPlay":false,"sceneViewState":{"m_AlwaysRefresh":false,"showFog":true,"showSkybox":true,"showFlares":true,"showImageEffects":true,"showParticleSystems":true,"showVisualEffectGraphs":true,"m_FxEnabled":true},"in2DMode":false,"pivot":{"x":1.3050917387008668,"y":13.680047988891602,"z":-1.0043354034423829},"rotation":{"x":0.12278249859809876,"y":0.0586240217089653,"z":-0.007277267519384623,"w":0.9906716346740723},"size":0.13845737278461457,"orthographic":false}