{"cameraMode":{"drawMode":0,"name":"Shaded","section":"Shading Mode"},"sceneLighting":true,"audioPlay":false,"sceneViewState":{"m_AlwaysRefresh":false,"showFog":true,"showSkybox":true,"showFlares":true,"showImageEffects":true,"showParticleSystems":true,"showVisualEffectGraphs":true,"m_FxEnabled":true},"in2DMode":false,"pivot":{"x":-30.99840545654297,"y":-19.379390716552736,"z":94.3949966430664},"rotation":{"x":-0.14306192100048066,"y":0.07740575820207596,"z":-0.011223998852074147,"w":-0.9866077899932861},"size":143.69290161132813,"orthographic":false}