{"cameraMode":{"drawMode":0,"name":"Shaded","section":"Shading Mode"},"sceneLighting":true,"audioPlay":false,"sceneViewState":{"m_AlwaysRefresh":false,"showFog":true,"showSkybox":true,"showFlares":true,"showImageEffects":true,"showParticleSystems":true,"showVisualEffectGraphs":true,"m_FxEnabled":true},"in2DMode":false,"pivot":{"x":-0.8158657550811768,"y":1.2591320276260377,"z":1.6340301036834717},"rotation":{"x":0.11658331006765366,"y":-0.6185724139213562,"z":0.0934879258275032,"w":0.7713833451271057},"size":2.793477773666382,"orthographic":false}