{"cameraMode":{"drawMode":0,"name":"Shaded","section":"Shading Mode"},"sceneLighting":true,"audioPlay":false,"sceneViewState":{"m_AlwaysRefresh":false,"showFog":true,"showSkybox":true,"showFlares":true,"showImageEffects":true,"showParticleSystems":true,"showVisualEffectGraphs":true,"m_FxEnabled":true},"in2DMode":false,"pivot":{"x":-2.1496481895446779,"y":0.5598816871643066,"z":1.0043842792510987},"rotation":{"x":0.06856526434421539,"y":-0.7263665199279785,"z":0.07324648648500443,"w":0.6799413561820984},"size":2.5610804557800295,"orthographic":false}